subj,session,trial,rt,object_response,category,condition,imagename
clip,1,1,NaN,elephant,bear,NaN,bear0_bear1.png
clip,1,2,NaN,elephant,bear,NaN,bear0_bicycle1.png
clip,1,3,NaN,bear,bear,NaN,bear0_bird1.png
clip,1,4,NaN,bear,bear,NaN,bear0_bottle1.png
clip,1,5,NaN,bear,bear,NaN,bear0_cat1.png
clip,1,6,NaN,elephant,bear,NaN,bear0_chair1.png
clip,1,7,NaN,clock,bear,NaN,bear0_clock1.png
clip,1,8,NaN,bear,bear,NaN,bear0_dog1.png
clip,1,9,NaN,elephant,bear,NaN,bear0_elephant1.png
clip,1,10,NaN,knife,bear,NaN,bear0_knife1.png
clip,1,11,NaN,bear,bear,NaN,bear1_bear1.png
clip,1,12,NaN,bear,bear,NaN,bear1_bicycle1.png
clip,1,13,NaN,bear,bear,NaN,bear1_bird1.png
clip,1,14,NaN,bottle,bear,NaN,bear1_bottle1.png
clip,1,15,NaN,bear,bear,NaN,bear1_cat1.png
clip,1,16,NaN,bear,bear,NaN,bear1_chair1.png
clip,1,17,NaN,clock,bear,NaN,bear1_clock1.png
clip,1,18,NaN,bear,bear,NaN,bear1_dog1.png
clip,1,19,NaN,bear,bear,NaN,bear1_elephant1.png
clip,1,20,NaN,dog,bear,NaN,bear1_knife1.png
clip,1,21,NaN,bear,bear,NaN,bear2_bear1.png
clip,1,22,NaN,bicycle,bear,NaN,bear2_bicycle1.png
clip,1,23,NaN,elephant,bear,NaN,bear2_bird1.png
clip,1,24,NaN,bottle,bear,NaN,bear2_bottle1.png
clip,1,25,NaN,bear,bear,NaN,bear2_cat1.png
clip,1,26,NaN,chair,bear,NaN,bear2_chair1.png
clip,1,27,NaN,clock,bear,NaN,bear2_clock1.png
clip,1,28,NaN,elephant,bear,NaN,bear2_dog1.png
clip,1,29,NaN,cat,bear,NaN,bear2_elephant1.png
clip,1,30,NaN,knife,bear,NaN,bear2_knife1.png
clip,1,31,NaN,dog,bear,NaN,bear3_bear1.png
clip,1,32,NaN,bottle,bear,NaN,bear3_bicycle1.png
clip,1,33,NaN,bird,bear,NaN,bear3_bird1.png
clip,1,34,NaN,bottle,bear,NaN,bear3_bottle1.png
clip,1,35,NaN,cat,bear,NaN,bear3_cat1.png
clip,1,36,NaN,elephant,bear,NaN,bear3_chair1.png
clip,1,37,NaN,clock,bear,NaN,bear3_clock1.png
clip,1,38,NaN,bear,bear,NaN,bear3_dog1.png
clip,1,39,NaN,elephant,bear,NaN,bear3_elephant1.png
clip,1,40,NaN,knife,bear,NaN,bear3_knife1.png
clip,1,41,NaN,bear,bear,NaN,bear4_bear1.png
clip,1,42,NaN,dog,bear,NaN,bear4_bicycle1.png
clip,1,43,NaN,cat,bear,NaN,bear4_bird1.png
clip,1,44,NaN,bottle,bear,NaN,bear4_bottle1.png
clip,1,45,NaN,bear,bear,NaN,bear4_cat1.png
clip,1,46,NaN,chair,bear,NaN,bear4_chair1.png
clip,1,47,NaN,clock,bear,NaN,bear4_clock1.png
clip,1,48,NaN,bear,bear,NaN,bear4_dog1.png
clip,1,49,NaN,elephant,bear,NaN,bear4_elephant1.png
clip,1,50,NaN,knife,bear,NaN,bear4_knife1.png
clip,1,51,NaN,bear,bear,NaN,bear5_bear1.png
clip,1,52,NaN,bear,bear,NaN,bear5_bicycle1.png
clip,1,53,NaN,bear,bear,NaN,bear5_bird1.png
clip,1,54,NaN,bottle,bear,NaN,bear5_bottle1.png
clip,1,55,NaN,bear,bear,NaN,bear5_cat1.png
clip,1,56,NaN,elephant,bear,NaN,bear5_chair1.png
clip,1,57,NaN,clock,bear,NaN,bear5_clock1.png
clip,1,58,NaN,bear,bear,NaN,bear5_dog1.png
clip,1,59,NaN,elephant,bear,NaN,bear5_elephant1.png
clip,1,60,NaN,knife,bear,NaN,bear5_knife1.png
clip,1,61,NaN,elephant,bear,NaN,bear6_bear1.png
clip,1,62,NaN,elephant,bear,NaN,bear6_bicycle1.png
clip,1,63,NaN,bear,bear,NaN,bear6_bird1.png
clip,1,64,NaN,cat,bear,NaN,bear6_bottle1.png
clip,1,65,NaN,bear,bear,NaN,bear6_cat1.png
clip,1,66,NaN,elephant,bear,NaN,bear6_chair1.png
clip,1,67,NaN,clock,bear,NaN,bear6_clock1.png
clip,1,68,NaN,bear,bear,NaN,bear6_dog1.png
clip,1,69,NaN,elephant,bear,NaN,bear6_elephant1.png
clip,1,70,NaN,knife,bear,NaN,bear6_knife1.png
clip,1,71,NaN,bear,bear,NaN,bear7_bear1.png
clip,1,72,NaN,bear,bear,NaN,bear7_bicycle1.png
clip,1,73,NaN,bear,bear,NaN,bear7_bird1.png
clip,1,74,NaN,bear,bear,NaN,bear7_bottle1.png
clip,1,75,NaN,bear,bear,NaN,bear7_cat1.png
clip,1,76,NaN,elephant,bear,NaN,bear7_chair1.png
clip,1,77,NaN,clock,bear,NaN,bear7_clock1.png
clip,1,78,NaN,bear,bear,NaN,bear7_dog1.png
clip,1,79,NaN,elephant,bear,NaN,bear7_elephant1.png
clip,1,80,NaN,knife,bear,NaN,bear7_knife1.png
clip,1,81,NaN,dog,bear,NaN,bear8_bear1.png
clip,1,82,NaN,bicycle,bear,NaN,bear8_bicycle1.png
clip,1,83,NaN,cat,bear,NaN,bear8_bird1.png
clip,1,84,NaN,bottle,bear,NaN,bear8_bottle1.png
clip,1,85,NaN,cat,bear,NaN,bear8_cat1.png
clip,1,86,NaN,elephant,bear,NaN,bear8_chair1.png
clip,1,87,NaN,clock,bear,NaN,bear8_clock1.png
clip,1,88,NaN,cat,bear,NaN,bear8_dog1.png
clip,1,89,NaN,elephant,bear,NaN,bear8_elephant1.png
clip,1,90,NaN,knife,bear,NaN,bear8_knife1.png
clip,1,91,NaN,cat,bicycle,NaN,bicycle0_bear1.png
clip,1,92,NaN,bicycle,bicycle,NaN,bicycle0_bicycle1.png
clip,1,93,NaN,knife,bicycle,NaN,bicycle0_bird1.png
clip,1,94,NaN,bicycle,bicycle,NaN,bicycle0_bottle1.png
clip,1,95,NaN,knife,bicycle,NaN,bicycle0_cat1.png
clip,1,96,NaN,chair,bicycle,NaN,bicycle0_chair1.png
clip,1,97,NaN,clock,bicycle,NaN,bicycle0_clock1.png
clip,1,98,NaN,knife,bicycle,NaN,bicycle0_dog1.png
clip,1,99,NaN,elephant,bicycle,NaN,bicycle0_elephant1.png
clip,1,100,NaN,knife,bicycle,NaN,bicycle0_knife1.png
clip,1,101,NaN,bear,bicycle,NaN,bicycle1_bear1.png
clip,1,102,NaN,bicycle,bicycle,NaN,bicycle1_bicycle1.png
clip,1,103,NaN,bicycle,bicycle,NaN,bicycle1_bird1.png
clip,1,104,NaN,bicycle,bicycle,NaN,bicycle1_bottle1.png
clip,1,105,NaN,bicycle,bicycle,NaN,bicycle1_cat1.png
clip,1,106,NaN,chair,bicycle,NaN,bicycle1_chair1.png
clip,1,107,NaN,clock,bicycle,NaN,bicycle1_clock1.png
clip,1,108,NaN,bicycle,bicycle,NaN,bicycle1_dog1.png
clip,1,109,NaN,bicycle,bicycle,NaN,bicycle1_elephant1.png
clip,1,110,NaN,knife,bicycle,NaN,bicycle1_knife1.png
clip,1,111,NaN,bicycle,bicycle,NaN,bicycle2_bear1.png
clip,1,112,NaN,bicycle,bicycle,NaN,bicycle2_bicycle1.png
clip,1,113,NaN,bicycle,bicycle,NaN,bicycle2_bird1.png
clip,1,114,NaN,bicycle,bicycle,NaN,bicycle2_bottle1.png
clip,1,115,NaN,bicycle,bicycle,NaN,bicycle2_cat1.png
clip,1,116,NaN,bicycle,bicycle,NaN,bicycle2_chair1.png
clip,1,117,NaN,clock,bicycle,NaN,bicycle2_clock1.png
clip,1,118,NaN,bicycle,bicycle,NaN,bicycle2_dog1.png
clip,1,119,NaN,bicycle,bicycle,NaN,bicycle2_elephant1.png
clip,1,120,NaN,bottle,bicycle,NaN,bicycle2_knife1.png
clip,1,121,NaN,bird,bicycle,NaN,bicycle3_bear1.png
clip,1,122,NaN,bicycle,bicycle,NaN,bicycle3_bicycle1.png
clip,1,123,NaN,bird,bicycle,NaN,bicycle3_bird1.png
clip,1,124,NaN,bicycle,bicycle,NaN,bicycle3_bottle1.png
clip,1,125,NaN,bicycle,bicycle,NaN,bicycle3_cat1.png
clip,1,126,NaN,bicycle,bicycle,NaN,bicycle3_chair1.png
clip,1,127,NaN,clock,bicycle,NaN,bicycle3_clock1.png
clip,1,128,NaN,bicycle,bicycle,NaN,bicycle3_dog1.png
clip,1,129,NaN,elephant,bicycle,NaN,bicycle3_elephant1.png
clip,1,130,NaN,clock,bicycle,NaN,bicycle3_knife1.png
clip,1,131,NaN,dog,bicycle,NaN,bicycle4_bear1.png
clip,1,132,NaN,bicycle,bicycle,NaN,bicycle4_bicycle1.png
clip,1,133,NaN,bicycle,bicycle,NaN,bicycle4_bird1.png
clip,1,134,NaN,bottle,bicycle,NaN,bicycle4_bottle1.png
clip,1,135,NaN,knife,bicycle,NaN,bicycle4_cat1.png
clip,1,136,NaN,chair,bicycle,NaN,bicycle4_chair1.png
clip,1,137,NaN,clock,bicycle,NaN,bicycle4_clock1.png
clip,1,138,NaN,knife,bicycle,NaN,bicycle4_dog1.png
clip,1,139,NaN,bear,bicycle,NaN,bicycle4_elephant1.png
clip,1,140,NaN,knife,bicycle,NaN,bicycle4_knife1.png
clip,1,141,NaN,dog,bicycle,NaN,bicycle5_bear1.png
clip,1,142,NaN,bicycle,bicycle,NaN,bicycle5_bicycle1.png
clip,1,143,NaN,bicycle,bicycle,NaN,bicycle5_bird1.png
clip,1,144,NaN,bottle,bicycle,NaN,bicycle5_bottle1.png
clip,1,145,NaN,bicycle,bicycle,NaN,bicycle5_cat1.png
clip,1,146,NaN,bicycle,bicycle,NaN,bicycle5_chair1.png
clip,1,147,NaN,clock,bicycle,NaN,bicycle5_clock1.png
clip,1,148,NaN,bicycle,bicycle,NaN,bicycle5_dog1.png
clip,1,149,NaN,bicycle,bicycle,NaN,bicycle5_elephant1.png
clip,1,150,NaN,knife,bicycle,NaN,bicycle5_knife1.png
clip,1,151,NaN,dog,bicycle,NaN,bicycle6_bear1.png
clip,1,152,NaN,bicycle,bicycle,NaN,bicycle6_bicycle1.png
clip,1,153,NaN,bicycle,bicycle,NaN,bicycle6_bird1.png
clip,1,154,NaN,bottle,bicycle,NaN,bicycle6_bottle1.png
clip,1,155,NaN,bicycle,bicycle,NaN,bicycle6_cat1.png
clip,1,156,NaN,bicycle,bicycle,NaN,bicycle6_chair1.png
clip,1,157,NaN,clock,bicycle,NaN,bicycle6_clock1.png
clip,1,158,NaN,bicycle,bicycle,NaN,bicycle6_dog1.png
clip,1,159,NaN,elephant,bicycle,NaN,bicycle6_elephant1.png
clip,1,160,NaN,bicycle,bicycle,NaN,bicycle6_knife1.png
clip,1,161,NaN,dog,bicycle,NaN,bicycle7_bear1.png
clip,1,162,NaN,bicycle,bicycle,NaN,bicycle7_bicycle1.png
clip,1,163,NaN,bicycle,bicycle,NaN,bicycle7_bird1.png
clip,1,164,NaN,bicycle,bicycle,NaN,bicycle7_bottle1.png
clip,1,165,NaN,bicycle,bicycle,NaN,bicycle7_cat1.png
clip,1,166,NaN,bicycle,bicycle,NaN,bicycle7_chair1.png
clip,1,167,NaN,clock,bicycle,NaN,bicycle7_clock1.png
clip,1,168,NaN,bicycle,bicycle,NaN,bicycle7_dog1.png
clip,1,169,NaN,bicycle,bicycle,NaN,bicycle7_elephant1.png
clip,1,170,NaN,clock,bicycle,NaN,bicycle7_knife1.png
clip,1,171,NaN,bicycle,bicycle,NaN,bicycle8_bear1.png
clip,1,172,NaN,bicycle,bicycle,NaN,bicycle8_bicycle1.png
clip,1,173,NaN,bicycle,bicycle,NaN,bicycle8_bird1.png
clip,1,174,NaN,bicycle,bicycle,NaN,bicycle8_bottle1.png
clip,1,175,NaN,bicycle,bicycle,NaN,bicycle8_cat1.png
clip,1,176,NaN,bicycle,bicycle,NaN,bicycle8_chair1.png
clip,1,177,NaN,clock,bicycle,NaN,bicycle8_clock1.png
clip,1,178,NaN,bicycle,bicycle,NaN,bicycle8_dog1.png
clip,1,179,NaN,bicycle,bicycle,NaN,bicycle8_elephant1.png
clip,1,180,NaN,knife,bicycle,NaN,bicycle8_knife1.png
clip,1,181,NaN,bird,bicycle,NaN,bicycle9_bear1.png
clip,1,182,NaN,bicycle,bicycle,NaN,bicycle9_bicycle1.png
clip,1,183,NaN,bicycle,bicycle,NaN,bicycle9_bird1.png
clip,1,184,NaN,bicycle,bicycle,NaN,bicycle9_bottle1.png
clip,1,185,NaN,bicycle,bicycle,NaN,bicycle9_cat1.png
clip,1,186,NaN,bicycle,bicycle,NaN,bicycle9_chair1.png
clip,1,187,NaN,clock,bicycle,NaN,bicycle9_clock1.png
clip,1,188,NaN,bicycle,bicycle,NaN,bicycle9_dog1.png
clip,1,189,NaN,elephant,bicycle,NaN,bicycle9_elephant1.png
clip,1,190,NaN,knife,bicycle,NaN,bicycle9_knife1.png
clip,1,191,NaN,bird,bird,NaN,bird0_bear1.png
clip,1,192,NaN,bird,bird,NaN,bird0_bicycle1.png
clip,1,193,NaN,bird,bird,NaN,bird0_bird1.png
clip,1,194,NaN,bird,bird,NaN,bird0_bottle1.png
clip,1,195,NaN,bird,bird,NaN,bird0_cat1.png
clip,1,196,NaN,bird,bird,NaN,bird0_chair1.png
clip,1,197,NaN,clock,bird,NaN,bird0_clock1.png
clip,1,198,NaN,bird,bird,NaN,bird0_dog1.png
clip,1,199,NaN,bird,bird,NaN,bird0_elephant1.png
clip,1,200,NaN,knife,bird,NaN,bird0_knife1.png
clip,1,201,NaN,dog,bird,NaN,bird1_bear1.png
clip,1,202,NaN,bicycle,bird,NaN,bird1_bicycle1.png
clip,1,203,NaN,bird,bird,NaN,bird1_bird1.png
clip,1,204,NaN,bottle,bird,NaN,bird1_bottle1.png
clip,1,205,NaN,cat,bird,NaN,bird1_cat1.png
clip,1,206,NaN,chair,bird,NaN,bird1_chair1.png
clip,1,207,NaN,clock,bird,NaN,bird1_clock1.png
clip,1,208,NaN,bird,bird,NaN,bird1_dog1.png
clip,1,209,NaN,cat,bird,NaN,bird1_elephant1.png
clip,1,210,NaN,knife,bird,NaN,bird1_knife1.png
clip,1,211,NaN,dog,bird,NaN,bird2_bear1.png
clip,1,212,NaN,bottle,bird,NaN,bird2_bicycle1.png
clip,1,213,NaN,bird,bird,NaN,bird2_bird1.png
clip,1,214,NaN,bottle,bird,NaN,bird2_bottle1.png
clip,1,215,NaN,bird,bird,NaN,bird2_cat1.png
clip,1,216,NaN,bottle,bird,NaN,bird2_chair1.png
clip,1,217,NaN,clock,bird,NaN,bird2_clock1.png
clip,1,218,NaN,bird,bird,NaN,bird2_dog1.png
clip,1,219,NaN,elephant,bird,NaN,bird2_elephant1.png
clip,1,220,NaN,knife,bird,NaN,bird2_knife1.png
clip,1,221,NaN,clock,bird,NaN,bird3_bear1.png
clip,1,222,NaN,bicycle,bird,NaN,bird3_bicycle1.png
clip,1,223,NaN,bird,bird,NaN,bird3_bird1.png
clip,1,224,NaN,bottle,bird,NaN,bird3_bottle1.png
clip,1,225,NaN,bird,bird,NaN,bird3_cat1.png
clip,1,226,NaN,chair,bird,NaN,bird3_chair1.png
clip,1,227,NaN,clock,bird,NaN,bird3_clock1.png
clip,1,228,NaN,bird,bird,NaN,bird3_dog1.png
clip,1,229,NaN,elephant,bird,NaN,bird3_elephant1.png
clip,1,230,NaN,knife,bird,NaN,bird3_knife1.png
clip,1,231,NaN,dog,bird,NaN,bird4_bear1.png
clip,1,232,NaN,bicycle,bird,NaN,bird4_bicycle1.png
clip,1,233,NaN,bird,bird,NaN,bird4_bird1.png
clip,1,234,NaN,bottle,bird,NaN,bird4_bottle1.png
clip,1,235,NaN,bird,bird,NaN,bird4_cat1.png
clip,1,236,NaN,chair,bird,NaN,bird4_chair1.png
clip,1,237,NaN,clock,bird,NaN,bird4_clock1.png
clip,1,238,NaN,bird,bird,NaN,bird4_dog1.png
clip,1,239,NaN,bird,bird,NaN,bird4_elephant1.png
clip,1,240,NaN,knife,bird,NaN,bird4_knife1.png
clip,1,241,NaN,dog,bird,NaN,bird5_bear1.png
clip,1,242,NaN,bird,bird,NaN,bird5_bicycle1.png
clip,1,243,NaN,bird,bird,NaN,bird5_bird1.png
clip,1,244,NaN,bird,bird,NaN,bird5_bottle1.png
clip,1,245,NaN,bird,bird,NaN,bird5_cat1.png
clip,1,246,NaN,bird,bird,NaN,bird5_chair1.png
clip,1,247,NaN,clock,bird,NaN,bird5_clock1.png
clip,1,248,NaN,bird,bird,NaN,bird5_dog1.png
clip,1,249,NaN,bird,bird,NaN,bird5_elephant1.png
clip,1,250,NaN,bottle,bird,NaN,bird5_knife1.png
clip,1,251,NaN,bird,bird,NaN,bird6_bear1.png
clip,1,252,NaN,bird,bird,NaN,bird6_bicycle1.png
clip,1,253,NaN,bird,bird,NaN,bird6_bird1.png
clip,1,254,NaN,bottle,bird,NaN,bird6_bottle1.png
clip,1,255,NaN,bird,bird,NaN,bird6_cat1.png
clip,1,256,NaN,elephant,bird,NaN,bird6_chair1.png
clip,1,257,NaN,clock,bird,NaN,bird6_clock1.png
clip,1,258,NaN,bird,bird,NaN,bird6_dog1.png
clip,1,259,NaN,elephant,bird,NaN,bird6_elephant1.png
clip,1,260,NaN,knife,bird,NaN,bird6_knife1.png
clip,1,261,NaN,dog,bird,NaN,bird7_bear1.png
clip,1,262,NaN,bicycle,bird,NaN,bird7_bicycle1.png
clip,1,263,NaN,bird,bird,NaN,bird7_bird1.png
clip,1,264,NaN,bird,bird,NaN,bird7_bottle1.png
clip,1,265,NaN,bird,bird,NaN,bird7_cat1.png
clip,1,266,NaN,chair,bird,NaN,bird7_chair1.png
clip,1,267,NaN,clock,bird,NaN,bird7_clock1.png
clip,1,268,NaN,bird,bird,NaN,bird7_dog1.png
clip,1,269,NaN,bird,bird,NaN,bird7_elephant1.png
clip,1,270,NaN,knife,bird,NaN,bird7_knife1.png
clip,1,271,NaN,dog,bird,NaN,bird8_bear1.png
clip,1,272,NaN,bicycle,bird,NaN,bird8_bicycle1.png
clip,1,273,NaN,bird,bird,NaN,bird8_bird1.png
clip,1,274,NaN,bottle,bird,NaN,bird8_bottle1.png
clip,1,275,NaN,bird,bird,NaN,bird8_cat1.png
clip,1,276,NaN,elephant,bird,NaN,bird8_chair1.png
clip,1,277,NaN,clock,bird,NaN,bird8_clock1.png
clip,1,278,NaN,bird,bird,NaN,bird8_dog1.png
clip,1,279,NaN,elephant,bird,NaN,bird8_elephant1.png
clip,1,280,NaN,knife,bird,NaN,bird8_knife1.png
clip,1,281,NaN,dog,bird,NaN,bird9_bear1.png
clip,1,282,NaN,bird,bird,NaN,bird9_bicycle1.png
clip,1,283,NaN,bird,bird,NaN,bird9_bird1.png
clip,1,284,NaN,bottle,bird,NaN,bird9_bottle1.png
clip,1,285,NaN,bird,bird,NaN,bird9_cat1.png
clip,1,286,NaN,bird,bird,NaN,bird9_chair1.png
clip,1,287,NaN,clock,bird,NaN,bird9_clock1.png
clip,1,288,NaN,bird,bird,NaN,bird9_dog1.png
clip,1,289,NaN,bird,bird,NaN,bird9_elephant1.png
clip,1,290,NaN,knife,bird,NaN,bird9_knife1.png
clip,1,291,NaN,dog,bottle,NaN,bottle0_bear1.png
clip,1,292,NaN,bottle,bottle,NaN,bottle0_bicycle1.png
clip,1,293,NaN,bottle,bottle,NaN,bottle0_bird1.png
clip,1,294,NaN,bottle,bottle,NaN,bottle0_bottle1.png
clip,1,295,NaN,cat,bottle,NaN,bottle0_cat1.png
clip,1,296,NaN,chair,bottle,NaN,bottle0_chair1.png
clip,1,297,NaN,clock,bottle,NaN,bottle0_clock1.png
clip,1,298,NaN,bottle,bottle,NaN,bottle0_dog1.png
clip,1,299,NaN,bottle,bottle,NaN,bottle0_elephant1.png
clip,1,300,NaN,bottle,bottle,NaN,bottle0_knife1.png
clip,1,301,NaN,bottle,bottle,NaN,bottle1_bear1.png
clip,1,302,NaN,bottle,bottle,NaN,bottle1_bicycle1.png
clip,1,303,NaN,bottle,bottle,NaN,bottle1_bird1.png
clip,1,304,NaN,bottle,bottle,NaN,bottle1_bottle1.png
clip,1,305,NaN,bottle,bottle,NaN,bottle1_cat1.png
clip,1,306,NaN,bottle,bottle,NaN,bottle1_chair1.png
clip,1,307,NaN,clock,bottle,NaN,bottle1_clock1.png
clip,1,308,NaN,bottle,bottle,NaN,bottle1_dog1.png
clip,1,309,NaN,elephant,bottle,NaN,bottle1_elephant1.png
clip,1,310,NaN,knife,bottle,NaN,bottle1_knife1.png
clip,1,311,NaN,dog,bottle,NaN,bottle2_bear1.png
clip,1,312,NaN,bicycle,bottle,NaN,bottle2_bicycle1.png
clip,1,313,NaN,knife,bottle,NaN,bottle2_bird1.png
clip,1,314,NaN,bottle,bottle,NaN,bottle2_bottle1.png
clip,1,315,NaN,cat,bottle,NaN,bottle2_cat1.png
clip,1,316,NaN,bottle,bottle,NaN,bottle2_chair1.png
clip,1,317,NaN,clock,bottle,NaN,bottle2_clock1.png
clip,1,318,NaN,cat,bottle,NaN,bottle2_dog1.png
clip,1,319,NaN,elephant,bottle,NaN,bottle2_elephant1.png
clip,1,320,NaN,bottle,bottle,NaN,bottle2_knife1.png
clip,1,321,NaN,dog,bottle,NaN,bottle3_bear1.png
clip,1,322,NaN,bottle,bottle,NaN,bottle3_bicycle1.png
clip,1,323,NaN,bird,bottle,NaN,bottle3_bird1.png
clip,1,324,NaN,bottle,bottle,NaN,bottle3_bottle1.png
clip,1,325,NaN,bottle,bottle,NaN,bottle3_cat1.png
clip,1,326,NaN,bottle,bottle,NaN,bottle3_chair1.png
clip,1,327,NaN,clock,bottle,NaN,bottle3_clock1.png
clip,1,328,NaN,bottle,bottle,NaN,bottle3_dog1.png
clip,1,329,NaN,elephant,bottle,NaN,bottle3_elephant1.png
clip,1,330,NaN,chair,bottle,NaN,bottle3_knife1.png
clip,1,331,NaN,dog,bottle,NaN,bottle4_bear1.png
clip,1,332,NaN,chair,bottle,NaN,bottle4_bicycle1.png
clip,1,333,NaN,bottle,bottle,NaN,bottle4_bird1.png
clip,1,334,NaN,bottle,bottle,NaN,bottle4_bottle1.png
clip,1,335,NaN,bottle,bottle,NaN,bottle4_cat1.png
clip,1,336,NaN,bottle,bottle,NaN,bottle4_chair1.png
clip,1,337,NaN,clock,bottle,NaN,bottle4_clock1.png
clip,1,338,NaN,bottle,bottle,NaN,bottle4_dog1.png
clip,1,339,NaN,elephant,bottle,NaN,bottle4_elephant1.png
clip,1,340,NaN,bottle,bottle,NaN,bottle4_knife1.png
clip,1,341,NaN,cat,bottle,NaN,bottle5_bear1.png
clip,1,342,NaN,bicycle,bottle,NaN,bottle5_bicycle1.png
clip,1,343,NaN,knife,bottle,NaN,bottle5_bird1.png
clip,1,344,NaN,bottle,bottle,NaN,bottle5_bottle1.png
clip,1,345,NaN,cat,bottle,NaN,bottle5_cat1.png
clip,1,346,NaN,chair,bottle,NaN,bottle5_chair1.png
clip,1,347,NaN,clock,bottle,NaN,bottle5_clock1.png
clip,1,348,NaN,bottle,bottle,NaN,bottle5_dog1.png
clip,1,349,NaN,elephant,bottle,NaN,bottle5_elephant1.png
clip,1,350,NaN,knife,bottle,NaN,bottle5_knife1.png
clip,1,351,NaN,knife,bottle,NaN,bottle6_bear1.png
clip,1,352,NaN,bottle,bottle,NaN,bottle6_bicycle1.png
clip,1,353,NaN,bottle,bottle,NaN,bottle6_bird1.png
clip,1,354,NaN,bottle,bottle,NaN,bottle6_bottle1.png
clip,1,355,NaN,cat,bottle,NaN,bottle6_cat1.png
clip,1,356,NaN,bottle,bottle,NaN,bottle6_chair1.png
clip,1,357,NaN,clock,bottle,NaN,bottle6_clock1.png
clip,1,358,NaN,bottle,bottle,NaN,bottle6_dog1.png
clip,1,359,NaN,chair,bottle,NaN,bottle6_elephant1.png
clip,1,360,NaN,bottle,bottle,NaN,bottle6_knife1.png
clip,1,361,NaN,dog,bottle,NaN,bottle7_bear1.png
clip,1,362,NaN,bottle,bottle,NaN,bottle7_bicycle1.png
clip,1,363,NaN,bottle,bottle,NaN,bottle7_bird1.png
clip,1,364,NaN,bottle,bottle,NaN,bottle7_bottle1.png
clip,1,365,NaN,knife,bottle,NaN,bottle7_cat1.png
clip,1,366,NaN,bottle,bottle,NaN,bottle7_chair1.png
clip,1,367,NaN,clock,bottle,NaN,bottle7_clock1.png
clip,1,368,NaN,bottle,bottle,NaN,bottle7_dog1.png
clip,1,369,NaN,elephant,bottle,NaN,bottle7_elephant1.png
clip,1,370,NaN,clock,bottle,NaN,bottle7_knife1.png
clip,1,371,NaN,bottle,bottle,NaN,bottle8_bear1.png
clip,1,372,NaN,bottle,bottle,NaN,bottle8_bicycle1.png
clip,1,373,NaN,bottle,bottle,NaN,bottle8_bird1.png
clip,1,374,NaN,bottle,bottle,NaN,bottle8_bottle1.png
clip,1,375,NaN,bottle,bottle,NaN,bottle8_cat1.png
clip,1,376,NaN,bottle,bottle,NaN,bottle8_chair1.png
clip,1,377,NaN,clock,bottle,NaN,bottle8_clock1.png
clip,1,378,NaN,bottle,bottle,NaN,bottle8_dog1.png
clip,1,379,NaN,bottle,bottle,NaN,bottle8_elephant1.png
clip,1,380,NaN,bottle,bottle,NaN,bottle8_knife1.png
clip,1,381,NaN,dog,bottle,NaN,bottle9_bear1.png
clip,1,382,NaN,bottle,bottle,NaN,bottle9_bicycle1.png
clip,1,383,NaN,bottle,bottle,NaN,bottle9_bird1.png
clip,1,384,NaN,bottle,bottle,NaN,bottle9_bottle1.png
clip,1,385,NaN,bottle,bottle,NaN,bottle9_cat1.png
clip,1,386,NaN,bottle,bottle,NaN,bottle9_chair1.png
clip,1,387,NaN,clock,bottle,NaN,bottle9_clock1.png
clip,1,388,NaN,bottle,bottle,NaN,bottle9_dog1.png
clip,1,389,NaN,elephant,bottle,NaN,bottle9_elephant1.png
clip,1,390,NaN,knife,bottle,NaN,bottle9_knife1.png
clip,1,391,NaN,cat,cat,NaN,cat0_bear1.png
clip,1,392,NaN,cat,cat,NaN,cat0_bicycle1.png
clip,1,393,NaN,cat,cat,NaN,cat0_bird1.png
clip,1,394,NaN,cat,cat,NaN,cat0_bottle1.png
clip,1,395,NaN,cat,cat,NaN,cat0_cat1.png
clip,1,396,NaN,cat,cat,NaN,cat0_chair1.png
clip,1,397,NaN,clock,cat,NaN,cat0_clock1.png
clip,1,398,NaN,cat,cat,NaN,cat0_dog1.png
clip,1,399,NaN,cat,cat,NaN,cat0_elephant1.png
clip,1,400,NaN,cat,cat,NaN,cat0_knife1.png
clip,1,401,NaN,dog,cat,NaN,cat1_bear1.png
clip,1,402,NaN,cat,cat,NaN,cat1_bicycle1.png
clip,1,403,NaN,cat,cat,NaN,cat1_bird1.png
clip,1,404,NaN,bottle,cat,NaN,cat1_bottle1.png
clip,1,405,NaN,cat,cat,NaN,cat1_cat1.png
clip,1,406,NaN,cat,cat,NaN,cat1_chair1.png
clip,1,407,NaN,clock,cat,NaN,cat1_clock1.png
clip,1,408,NaN,cat,cat,NaN,cat1_dog1.png
clip,1,409,NaN,elephant,cat,NaN,cat1_elephant1.png
clip,1,410,NaN,bottle,cat,NaN,cat1_knife1.png
clip,1,411,NaN,cat,cat,NaN,cat2_bear1.png
clip,1,412,NaN,cat,cat,NaN,cat2_bicycle1.png
clip,1,413,NaN,cat,cat,NaN,cat2_bird1.png
clip,1,414,NaN,cat,cat,NaN,cat2_bottle1.png
clip,1,415,NaN,cat,cat,NaN,cat2_cat1.png
clip,1,416,NaN,cat,cat,NaN,cat2_chair1.png
clip,1,417,NaN,clock,cat,NaN,cat2_clock1.png
clip,1,418,NaN,cat,cat,NaN,cat2_dog1.png
clip,1,419,NaN,cat,cat,NaN,cat2_elephant1.png
clip,1,420,NaN,knife,cat,NaN,cat2_knife1.png
clip,1,421,NaN,dog,cat,NaN,cat3_bear1.png
clip,1,422,NaN,bicycle,cat,NaN,cat3_bicycle1.png
clip,1,423,NaN,cat,cat,NaN,cat3_bird1.png
clip,1,424,NaN,cat,cat,NaN,cat3_bottle1.png
clip,1,425,NaN,cat,cat,NaN,cat3_cat1.png
clip,1,426,NaN,cat,cat,NaN,cat3_chair1.png
clip,1,427,NaN,clock,cat,NaN,cat3_clock1.png
clip,1,428,NaN,cat,cat,NaN,cat3_dog1.png
clip,1,429,NaN,cat,cat,NaN,cat3_elephant1.png
clip,1,430,NaN,knife,cat,NaN,cat3_knife1.png
clip,1,431,NaN,cat,cat,NaN,cat4_bear1.png
clip,1,432,NaN,cat,cat,NaN,cat4_bicycle1.png
clip,1,433,NaN,cat,cat,NaN,cat4_bird1.png
clip,1,434,NaN,cat,cat,NaN,cat4_bottle1.png
clip,1,435,NaN,cat,cat,NaN,cat4_cat1.png
clip,1,436,NaN,cat,cat,NaN,cat4_chair1.png
clip,1,437,NaN,clock,cat,NaN,cat4_clock1.png
clip,1,438,NaN,cat,cat,NaN,cat4_dog1.png
clip,1,439,NaN,cat,cat,NaN,cat4_elephant1.png
clip,1,440,NaN,cat,cat,NaN,cat4_knife1.png
clip,1,441,NaN,dog,cat,NaN,cat5_bear1.png
clip,1,442,NaN,bicycle,cat,NaN,cat5_bicycle1.png
clip,1,443,NaN,bird,cat,NaN,cat5_bird1.png
clip,1,444,NaN,bottle,cat,NaN,cat5_bottle1.png
clip,1,445,NaN,cat,cat,NaN,cat5_cat1.png
clip,1,446,NaN,bottle,cat,NaN,cat5_chair1.png
clip,1,447,NaN,clock,cat,NaN,cat5_clock1.png
clip,1,448,NaN,cat,cat,NaN,cat5_dog1.png
clip,1,449,NaN,elephant,cat,NaN,cat5_elephant1.png
clip,1,450,NaN,chair,cat,NaN,cat5_knife1.png
clip,1,451,NaN,dog,cat,NaN,cat6_bear1.png
clip,1,452,NaN,chair,cat,NaN,cat6_bicycle1.png
clip,1,453,NaN,cat,cat,NaN,cat6_bird1.png
clip,1,454,NaN,bottle,cat,NaN,cat6_bottle1.png
clip,1,455,NaN,cat,cat,NaN,cat6_cat1.png
clip,1,456,NaN,chair,cat,NaN,cat6_chair1.png
clip,1,457,NaN,clock,cat,NaN,cat6_clock1.png
clip,1,458,NaN,cat,cat,NaN,cat6_dog1.png
clip,1,459,NaN,elephant,cat,NaN,cat6_elephant1.png
clip,1,460,NaN,knife,cat,NaN,cat6_knife1.png
clip,1,461,NaN,dog,cat,NaN,cat7_bear1.png
clip,1,462,NaN,bear,cat,NaN,cat7_bicycle1.png
clip,1,463,NaN,bird,cat,NaN,cat7_bird1.png
clip,1,464,NaN,elephant,cat,NaN,cat7_bottle1.png
clip,1,465,NaN,cat,cat,NaN,cat7_cat1.png
clip,1,466,NaN,bottle,cat,NaN,cat7_chair1.png
clip,1,467,NaN,clock,cat,NaN,cat7_clock1.png
clip,1,468,NaN,cat,cat,NaN,cat7_dog1.png
clip,1,469,NaN,elephant,cat,NaN,cat7_elephant1.png
clip,1,470,NaN,knife,cat,NaN,cat7_knife1.png
clip,1,471,NaN,cat,cat,NaN,cat8_bear1.png
clip,1,472,NaN,dog,cat,NaN,cat8_bicycle1.png
clip,1,473,NaN,cat,cat,NaN,cat8_bird1.png
clip,1,474,NaN,bottle,cat,NaN,cat8_bottle1.png
clip,1,475,NaN,cat,cat,NaN,cat8_cat1.png
clip,1,476,NaN,chair,cat,NaN,cat8_chair1.png
clip,1,477,NaN,clock,cat,NaN,cat8_clock1.png
clip,1,478,NaN,cat,cat,NaN,cat8_dog1.png
clip,1,479,NaN,elephant,cat,NaN,cat8_elephant1.png
clip,1,480,NaN,bottle,cat,NaN,cat8_knife1.png
clip,1,481,NaN,clock,chair,NaN,chair0_bear1.png
clip,1,482,NaN,chair,chair,NaN,chair0_bicycle1.png
clip,1,483,NaN,chair,chair,NaN,chair0_bird1.png
clip,1,484,NaN,chair,chair,NaN,chair0_bottle1.png
clip,1,485,NaN,chair,chair,NaN,chair0_cat1.png
clip,1,486,NaN,chair,chair,NaN,chair0_chair1.png
clip,1,487,NaN,clock,chair,NaN,chair0_clock1.png
clip,1,488,NaN,chair,chair,NaN,chair0_dog1.png
clip,1,489,NaN,elephant,chair,NaN,chair0_elephant1.png
clip,1,490,NaN,chair,chair,NaN,chair0_knife1.png
clip,1,491,NaN,dog,chair,NaN,chair1_bear1.png
clip,1,492,NaN,chair,chair,NaN,chair1_bicycle1.png
clip,1,493,NaN,bicycle,chair,NaN,chair1_bird1.png
clip,1,494,NaN,bottle,chair,NaN,chair1_bottle1.png
clip,1,495,NaN,dog,chair,NaN,chair1_cat1.png
clip,1,496,NaN,chair,chair,NaN,chair1_chair1.png
clip,1,497,NaN,clock,chair,NaN,chair1_clock1.png
clip,1,498,NaN,chair,chair,NaN,chair1_dog1.png
clip,1,499,NaN,chair,chair,NaN,chair1_elephant1.png
clip,1,500,NaN,knife,chair,NaN,chair1_knife1.png
clip,1,501,NaN,dog,chair,NaN,chair2_bear1.png
clip,1,502,NaN,bicycle,chair,NaN,chair2_bicycle1.png
clip,1,503,NaN,chair,chair,NaN,chair2_bird1.png
clip,1,504,NaN,bottle,chair,NaN,chair2_bottle1.png
clip,1,505,NaN,knife,chair,NaN,chair2_cat1.png
clip,1,506,NaN,bottle,chair,NaN,chair2_chair1.png
clip,1,507,NaN,clock,chair,NaN,chair2_clock1.png
clip,1,508,NaN,chair,chair,NaN,chair2_dog1.png
clip,1,509,NaN,chair,chair,NaN,chair2_elephant1.png
clip,1,510,NaN,knife,chair,NaN,chair2_knife1.png
clip,1,511,NaN,chair,chair,NaN,chair3_bear1.png
clip,1,512,NaN,bicycle,chair,NaN,chair3_bicycle1.png
clip,1,513,NaN,bird,chair,NaN,chair3_bird1.png
clip,1,514,NaN,bottle,chair,NaN,chair3_bottle1.png
clip,1,515,NaN,chair,chair,NaN,chair3_cat1.png
clip,1,516,NaN,chair,chair,NaN,chair3_chair1.png
clip,1,517,NaN,clock,chair,NaN,chair3_clock1.png
clip,1,518,NaN,chair,chair,NaN,chair3_dog1.png
clip,1,519,NaN,elephant,chair,NaN,chair3_elephant1.png
clip,1,520,NaN,knife,chair,NaN,chair3_knife1.png
clip,1,521,NaN,chair,chair,NaN,chair4_bear1.png
clip,1,522,NaN,chair,chair,NaN,chair4_bicycle1.png
clip,1,523,NaN,chair,chair,NaN,chair4_bird1.png
clip,1,524,NaN,bottle,chair,NaN,chair4_bottle1.png
clip,1,525,NaN,chair,chair,NaN,chair4_cat1.png
clip,1,526,NaN,chair,chair,NaN,chair4_chair1.png
clip,1,527,NaN,clock,chair,NaN,chair4_clock1.png
clip,1,528,NaN,chair,chair,NaN,chair4_dog1.png
clip,1,529,NaN,elephant,chair,NaN,chair4_elephant1.png
clip,1,530,NaN,chair,chair,NaN,chair4_knife1.png
clip,1,531,NaN,chair,chair,NaN,chair5_bear1.png
clip,1,532,NaN,chair,chair,NaN,chair5_bicycle1.png
clip,1,533,NaN,chair,chair,NaN,chair5_bird1.png
clip,1,534,NaN,chair,chair,NaN,chair5_bottle1.png
clip,1,535,NaN,chair,chair,NaN,chair5_cat1.png
clip,1,536,NaN,chair,chair,NaN,chair5_chair1.png
clip,1,537,NaN,clock,chair,NaN,chair5_clock1.png
clip,1,538,NaN,chair,chair,NaN,chair5_dog1.png
clip,1,539,NaN,chair,chair,NaN,chair5_elephant1.png
clip,1,540,NaN,chair,chair,NaN,chair5_knife1.png
clip,1,541,NaN,dog,chair,NaN,chair6_bear1.png
clip,1,542,NaN,chair,chair,NaN,chair6_bicycle1.png
clip,1,543,NaN,chair,chair,NaN,chair6_bird1.png
clip,1,544,NaN,chair,chair,NaN,chair6_bottle1.png
clip,1,545,NaN,chair,chair,NaN,chair6_cat1.png
clip,1,546,NaN,chair,chair,NaN,chair6_chair1.png
clip,1,547,NaN,clock,chair,NaN,chair6_clock1.png
clip,1,548,NaN,chair,chair,NaN,chair6_dog1.png
clip,1,549,NaN,elephant,chair,NaN,chair6_elephant1.png
clip,1,550,NaN,chair,chair,NaN,chair6_knife1.png
clip,1,551,NaN,dog,chair,NaN,chair7_bear1.png
clip,1,552,NaN,chair,chair,NaN,chair7_bicycle1.png
clip,1,553,NaN,chair,chair,NaN,chair7_bird1.png
clip,1,554,NaN,chair,chair,NaN,chair7_bottle1.png
clip,1,555,NaN,chair,chair,NaN,chair7_cat1.png
clip,1,556,NaN,chair,chair,NaN,chair7_chair1.png
clip,1,557,NaN,clock,chair,NaN,chair7_clock1.png
clip,1,558,NaN,chair,chair,NaN,chair7_dog1.png
clip,1,559,NaN,chair,chair,NaN,chair7_elephant1.png
clip,1,560,NaN,chair,chair,NaN,chair7_knife1.png
clip,1,561,NaN,dog,chair,NaN,chair8_bear1.png
clip,1,562,NaN,chair,chair,NaN,chair8_bicycle1.png
clip,1,563,NaN,bird,chair,NaN,chair8_bird1.png
clip,1,564,NaN,chair,chair,NaN,chair8_bottle1.png
clip,1,565,NaN,cat,chair,NaN,chair8_cat1.png
clip,1,566,NaN,chair,chair,NaN,chair8_chair1.png
clip,1,567,NaN,clock,chair,NaN,chair8_clock1.png
clip,1,568,NaN,knife,chair,NaN,chair8_dog1.png
clip,1,569,NaN,elephant,chair,NaN,chair8_elephant1.png
clip,1,570,NaN,chair,chair,NaN,chair8_knife1.png
clip,1,571,NaN,bird,chair,NaN,chair9_bear1.png
clip,1,572,NaN,bicycle,chair,NaN,chair9_bicycle1.png
clip,1,573,NaN,bicycle,chair,NaN,chair9_bird1.png
clip,1,574,NaN,bottle,chair,NaN,chair9_bottle1.png
clip,1,575,NaN,chair,chair,NaN,chair9_cat1.png
clip,1,576,NaN,chair,chair,NaN,chair9_chair1.png
clip,1,577,NaN,clock,chair,NaN,chair9_clock1.png
clip,1,578,NaN,chair,chair,NaN,chair9_dog1.png
clip,1,579,NaN,knife,chair,NaN,chair9_elephant1.png
clip,1,580,NaN,knife,chair,NaN,chair9_knife1.png
clip,1,581,NaN,clock,clock,NaN,clock0_bear1.png
clip,1,582,NaN,bicycle,clock,NaN,clock0_bicycle1.png
clip,1,583,NaN,clock,clock,NaN,clock0_bird1.png
clip,1,584,NaN,clock,clock,NaN,clock0_bottle1.png
clip,1,585,NaN,clock,clock,NaN,clock0_cat1.png
clip,1,586,NaN,clock,clock,NaN,clock0_chair1.png
clip,1,587,NaN,clock,clock,NaN,clock0_clock1.png
clip,1,588,NaN,clock,clock,NaN,clock0_dog1.png
clip,1,589,NaN,clock,clock,NaN,clock0_elephant1.png
clip,1,590,NaN,clock,clock,NaN,clock0_knife1.png
clip,1,591,NaN,dog,clock,NaN,clock1_bear1.png
clip,1,592,NaN,clock,clock,NaN,clock1_bicycle1.png
clip,1,593,NaN,clock,clock,NaN,clock1_bird1.png
clip,1,594,NaN,bottle,clock,NaN,clock1_bottle1.png
clip,1,595,NaN,clock,clock,NaN,clock1_cat1.png
clip,1,596,NaN,clock,clock,NaN,clock1_chair1.png
clip,1,597,NaN,clock,clock,NaN,clock1_clock1.png
clip,1,598,NaN,clock,clock,NaN,clock1_dog1.png
clip,1,599,NaN,elephant,clock,NaN,clock1_elephant1.png
clip,1,600,NaN,clock,clock,NaN,clock1_knife1.png
clip,1,601,NaN,clock,clock,NaN,clock2_bear1.png
clip,1,602,NaN,clock,clock,NaN,clock2_bicycle1.png
clip,1,603,NaN,clock,clock,NaN,clock2_bird1.png
clip,1,604,NaN,clock,clock,NaN,clock2_bottle1.png
clip,1,605,NaN,clock,clock,NaN,clock2_cat1.png
clip,1,606,NaN,clock,clock,NaN,clock2_chair1.png
clip,1,607,NaN,clock,clock,NaN,clock2_clock1.png
clip,1,608,NaN,clock,clock,NaN,clock2_dog1.png
clip,1,609,NaN,clock,clock,NaN,clock2_elephant1.png
clip,1,610,NaN,clock,clock,NaN,clock2_knife1.png
clip,1,611,NaN,clock,clock,NaN,clock3_bear1.png
clip,1,612,NaN,clock,clock,NaN,clock3_bicycle1.png
clip,1,613,NaN,clock,clock,NaN,clock3_bird1.png
clip,1,614,NaN,clock,clock,NaN,clock3_bottle1.png
clip,1,615,NaN,clock,clock,NaN,clock3_cat1.png
clip,1,616,NaN,clock,clock,NaN,clock3_chair1.png
clip,1,617,NaN,clock,clock,NaN,clock3_clock1.png
clip,1,618,NaN,clock,clock,NaN,clock3_dog1.png
clip,1,619,NaN,elephant,clock,NaN,clock3_elephant1.png
clip,1,620,NaN,clock,clock,NaN,clock3_knife1.png
clip,1,621,NaN,clock,clock,NaN,clock4_bear1.png
clip,1,622,NaN,clock,clock,NaN,clock4_bicycle1.png
clip,1,623,NaN,clock,clock,NaN,clock4_bird1.png
clip,1,624,NaN,clock,clock,NaN,clock4_bottle1.png
clip,1,625,NaN,clock,clock,NaN,clock4_cat1.png
clip,1,626,NaN,clock,clock,NaN,clock4_chair1.png
clip,1,627,NaN,clock,clock,NaN,clock4_clock1.png
clip,1,628,NaN,clock,clock,NaN,clock4_dog1.png
clip,1,629,NaN,clock,clock,NaN,clock4_elephant1.png
clip,1,630,NaN,clock,clock,NaN,clock4_knife1.png
clip,1,631,NaN,dog,clock,NaN,clock5_bear1.png
clip,1,632,NaN,clock,clock,NaN,clock5_bicycle1.png
clip,1,633,NaN,clock,clock,NaN,clock5_bird1.png
clip,1,634,NaN,clock,clock,NaN,clock5_bottle1.png
clip,1,635,NaN,clock,clock,NaN,clock5_cat1.png
clip,1,636,NaN,clock,clock,NaN,clock5_chair1.png
clip,1,637,NaN,clock,clock,NaN,clock5_clock1.png
clip,1,638,NaN,bottle,clock,NaN,clock5_dog1.png
clip,1,639,NaN,elephant,clock,NaN,clock5_elephant1.png
clip,1,640,NaN,clock,clock,NaN,clock5_knife1.png
clip,1,641,NaN,clock,clock,NaN,clock6_bear1.png
clip,1,642,NaN,clock,clock,NaN,clock6_bicycle1.png
clip,1,643,NaN,clock,clock,NaN,clock6_bird1.png
clip,1,644,NaN,clock,clock,NaN,clock6_bottle1.png
clip,1,645,NaN,clock,clock,NaN,clock6_cat1.png
clip,1,646,NaN,clock,clock,NaN,clock6_chair1.png
clip,1,647,NaN,clock,clock,NaN,clock6_clock1.png
clip,1,648,NaN,clock,clock,NaN,clock6_dog1.png
clip,1,649,NaN,clock,clock,NaN,clock6_elephant1.png
clip,1,650,NaN,clock,clock,NaN,clock6_knife1.png
clip,1,651,NaN,knife,clock,NaN,clock7_bear1.png
clip,1,652,NaN,bottle,clock,NaN,clock7_bicycle1.png
clip,1,653,NaN,clock,clock,NaN,clock7_bird1.png
clip,1,654,NaN,bottle,clock,NaN,clock7_bottle1.png
clip,1,655,NaN,bottle,clock,NaN,clock7_cat1.png
clip,1,656,NaN,bottle,clock,NaN,clock7_chair1.png
clip,1,657,NaN,clock,clock,NaN,clock7_clock1.png
clip,1,658,NaN,knife,clock,NaN,clock7_dog1.png
clip,1,659,NaN,elephant,clock,NaN,clock7_elephant1.png
clip,1,660,NaN,knife,clock,NaN,clock7_knife1.png
clip,1,661,NaN,knife,clock,NaN,clock8_bear1.png
clip,1,662,NaN,clock,clock,NaN,clock8_bicycle1.png
clip,1,663,NaN,clock,clock,NaN,clock8_bird1.png
clip,1,664,NaN,clock,clock,NaN,clock8_bottle1.png
clip,1,665,NaN,clock,clock,NaN,clock8_cat1.png
clip,1,666,NaN,clock,clock,NaN,clock8_chair1.png
clip,1,667,NaN,clock,clock,NaN,clock8_clock1.png
clip,1,668,NaN,clock,clock,NaN,clock8_dog1.png
clip,1,669,NaN,elephant,clock,NaN,clock8_elephant1.png
clip,1,670,NaN,clock,clock,NaN,clock8_knife1.png
clip,1,671,NaN,clock,clock,NaN,clock9_bear1.png
clip,1,672,NaN,clock,clock,NaN,clock9_bicycle1.png
clip,1,673,NaN,clock,clock,NaN,clock9_bird1.png
clip,1,674,NaN,clock,clock,NaN,clock9_bottle1.png
clip,1,675,NaN,clock,clock,NaN,clock9_cat1.png
clip,1,676,NaN,clock,clock,NaN,clock9_chair1.png
clip,1,677,NaN,clock,clock,NaN,clock9_clock1.png
clip,1,678,NaN,clock,clock,NaN,clock9_dog1.png
clip,1,679,NaN,clock,clock,NaN,clock9_elephant1.png
clip,1,680,NaN,knife,clock,NaN,clock9_knife1.png
clip,1,681,NaN,dog,dog,NaN,dog0_bear1.png
clip,1,682,NaN,bicycle,dog,NaN,dog0_bicycle1.png
clip,1,683,NaN,dog,dog,NaN,dog0_bird1.png
clip,1,684,NaN,cat,dog,NaN,dog0_bottle1.png
clip,1,685,NaN,dog,dog,NaN,dog0_cat1.png
clip,1,686,NaN,dog,dog,NaN,dog0_chair1.png
clip,1,687,NaN,clock,dog,NaN,dog0_clock1.png
clip,1,688,NaN,dog,dog,NaN,dog0_dog1.png
clip,1,689,NaN,dog,dog,NaN,dog0_elephant1.png
clip,1,690,NaN,knife,dog,NaN,dog0_knife1.png
clip,1,691,NaN,dog,dog,NaN,dog1_bear1.png
clip,1,692,NaN,bird,dog,NaN,dog1_bicycle1.png
clip,1,693,NaN,dog,dog,NaN,dog1_bird1.png
clip,1,694,NaN,dog,dog,NaN,dog1_bottle1.png
clip,1,695,NaN,dog,dog,NaN,dog1_cat1.png
clip,1,696,NaN,bottle,dog,NaN,dog1_chair1.png
clip,1,697,NaN,clock,dog,NaN,dog1_clock1.png
clip,1,698,NaN,dog,dog,NaN,dog1_dog1.png
clip,1,699,NaN,bird,dog,NaN,dog1_elephant1.png
clip,1,700,NaN,knife,dog,NaN,dog1_knife1.png
clip,1,701,NaN,dog,dog,NaN,dog2_bear1.png
clip,1,702,NaN,bird,dog,NaN,dog2_bicycle1.png
clip,1,703,NaN,dog,dog,NaN,dog2_bird1.png
clip,1,704,NaN,dog,dog,NaN,dog2_bottle1.png
clip,1,705,NaN,dog,dog,NaN,dog2_cat1.png
clip,1,706,NaN,dog,dog,NaN,dog2_chair1.png
clip,1,707,NaN,clock,dog,NaN,dog2_clock1.png
clip,1,708,NaN,dog,dog,NaN,dog2_dog1.png
clip,1,709,NaN,dog,dog,NaN,dog2_elephant1.png
clip,1,710,NaN,knife,dog,NaN,dog2_knife1.png
clip,1,711,NaN,dog,dog,NaN,dog3_bear1.png
clip,1,712,NaN,bicycle,dog,NaN,dog3_bicycle1.png
clip,1,713,NaN,dog,dog,NaN,dog3_bird1.png
clip,1,714,NaN,bottle,dog,NaN,dog3_bottle1.png
clip,1,715,NaN,dog,dog,NaN,dog3_cat1.png
clip,1,716,NaN,dog,dog,NaN,dog3_chair1.png
clip,1,717,NaN,clock,dog,NaN,dog3_clock1.png
clip,1,718,NaN,dog,dog,NaN,dog3_dog1.png
clip,1,719,NaN,elephant,dog,NaN,dog3_elephant1.png
clip,1,720,NaN,knife,dog,NaN,dog3_knife1.png
clip,1,721,NaN,dog,dog,NaN,dog4_bear1.png
clip,1,722,NaN,dog,dog,NaN,dog4_bicycle1.png
clip,1,723,NaN,dog,dog,NaN,dog4_bird1.png
clip,1,724,NaN,bottle,dog,NaN,dog4_bottle1.png
clip,1,725,NaN,dog,dog,NaN,dog4_cat1.png
clip,1,726,NaN,dog,dog,NaN,dog4_chair1.png
clip,1,727,NaN,clock,dog,NaN,dog4_clock1.png
clip,1,728,NaN,dog,dog,NaN,dog4_dog1.png
clip,1,729,NaN,dog,dog,NaN,dog4_elephant1.png
clip,1,730,NaN,knife,dog,NaN,dog4_knife1.png
clip,1,731,NaN,dog,dog,NaN,dog5_bear1.png
clip,1,732,NaN,dog,dog,NaN,dog5_bicycle1.png
clip,1,733,NaN,dog,dog,NaN,dog5_bird1.png
clip,1,734,NaN,bottle,dog,NaN,dog5_bottle1.png
clip,1,735,NaN,cat,dog,NaN,dog5_cat1.png
clip,1,736,NaN,dog,dog,NaN,dog5_chair1.png
clip,1,737,NaN,clock,dog,NaN,dog5_clock1.png
clip,1,738,NaN,dog,dog,NaN,dog5_dog1.png
clip,1,739,NaN,elephant,dog,NaN,dog5_elephant1.png
clip,1,740,NaN,knife,dog,NaN,dog5_knife1.png
clip,1,741,NaN,dog,dog,NaN,dog6_bear1.png
clip,1,742,NaN,bicycle,dog,NaN,dog6_bicycle1.png
clip,1,743,NaN,dog,dog,NaN,dog6_bird1.png
clip,1,744,NaN,bottle,dog,NaN,dog6_bottle1.png
clip,1,745,NaN,dog,dog,NaN,dog6_cat1.png
clip,1,746,NaN,bottle,dog,NaN,dog6_chair1.png
clip,1,747,NaN,clock,dog,NaN,dog6_clock1.png
clip,1,748,NaN,dog,dog,NaN,dog6_dog1.png
clip,1,749,NaN,elephant,dog,NaN,dog6_elephant1.png
clip,1,750,NaN,knife,dog,NaN,dog6_knife1.png
clip,1,751,NaN,elephant,dog,NaN,dog7_bear1.png
clip,1,752,NaN,elephant,dog,NaN,dog7_bicycle1.png
clip,1,753,NaN,dog,dog,NaN,dog7_bird1.png
clip,1,754,NaN,elephant,dog,NaN,dog7_bottle1.png
clip,1,755,NaN,cat,dog,NaN,dog7_cat1.png
clip,1,756,NaN,dog,dog,NaN,dog7_chair1.png
clip,1,757,NaN,clock,dog,NaN,dog7_clock1.png
clip,1,758,NaN,dog,dog,NaN,dog7_dog1.png
clip,1,759,NaN,elephant,dog,NaN,dog7_elephant1.png
clip,1,760,NaN,knife,dog,NaN,dog7_knife1.png
clip,1,761,NaN,dog,dog,NaN,dog8_bear1.png
clip,1,762,NaN,dog,dog,NaN,dog8_bicycle1.png
clip,1,763,NaN,dog,dog,NaN,dog8_bird1.png
clip,1,764,NaN,dog,dog,NaN,dog8_bottle1.png
clip,1,765,NaN,dog,dog,NaN,dog8_cat1.png
clip,1,766,NaN,dog,dog,NaN,dog8_chair1.png
clip,1,767,NaN,clock,dog,NaN,dog8_clock1.png
clip,1,768,NaN,dog,dog,NaN,dog8_dog1.png
clip,1,769,NaN,dog,dog,NaN,dog8_elephant1.png
clip,1,770,NaN,knife,dog,NaN,dog8_knife1.png
clip,1,771,NaN,elephant,elephant,NaN,elephant0_bear1.png
clip,1,772,NaN,elephant,elephant,NaN,elephant0_bicycle1.png
clip,1,773,NaN,cat,elephant,NaN,elephant0_bird1.png
clip,1,774,NaN,elephant,elephant,NaN,elephant0_bottle1.png
clip,1,775,NaN,elephant,elephant,NaN,elephant0_cat1.png
clip,1,776,NaN,elephant,elephant,NaN,elephant0_chair1.png
clip,1,777,NaN,clock,elephant,NaN,elephant0_clock1.png
clip,1,778,NaN,elephant,elephant,NaN,elephant0_dog1.png
clip,1,779,NaN,elephant,elephant,NaN,elephant0_elephant1.png
clip,1,780,NaN,knife,elephant,NaN,elephant0_knife1.png
clip,1,781,NaN,dog,elephant,NaN,elephant1_bear1.png
clip,1,782,NaN,knife,elephant,NaN,elephant1_bicycle1.png
clip,1,783,NaN,elephant,elephant,NaN,elephant1_bird1.png
clip,1,784,NaN,bear,elephant,NaN,elephant1_bottle1.png
clip,1,785,NaN,elephant,elephant,NaN,elephant1_cat1.png
clip,1,786,NaN,elephant,elephant,NaN,elephant1_chair1.png
clip,1,787,NaN,clock,elephant,NaN,elephant1_clock1.png
clip,1,788,NaN,elephant,elephant,NaN,elephant1_dog1.png
clip,1,789,NaN,elephant,elephant,NaN,elephant1_elephant1.png
clip,1,790,NaN,knife,elephant,NaN,elephant1_knife1.png
clip,1,791,NaN,dog,elephant,NaN,elephant2_bear1.png
clip,1,792,NaN,elephant,elephant,NaN,elephant2_bicycle1.png
clip,1,793,NaN,elephant,elephant,NaN,elephant2_bird1.png
clip,1,794,NaN,clock,elephant,NaN,elephant2_bottle1.png
clip,1,795,NaN,elephant,elephant,NaN,elephant2_cat1.png
clip,1,796,NaN,elephant,elephant,NaN,elephant2_chair1.png
clip,1,797,NaN,clock,elephant,NaN,elephant2_clock1.png
clip,1,798,NaN,elephant,elephant,NaN,elephant2_dog1.png
clip,1,799,NaN,elephant,elephant,NaN,elephant2_elephant1.png
clip,1,800,NaN,knife,elephant,NaN,elephant2_knife1.png
clip,1,801,NaN,dog,elephant,NaN,elephant3_bear1.png
clip,1,802,NaN,dog,elephant,NaN,elephant3_bicycle1.png
clip,1,803,NaN,cat,elephant,NaN,elephant3_bird1.png
clip,1,804,NaN,elephant,elephant,NaN,elephant3_bottle1.png
clip,1,805,NaN,elephant,elephant,NaN,elephant3_cat1.png
clip,1,806,NaN,chair,elephant,NaN,elephant3_chair1.png
clip,1,807,NaN,clock,elephant,NaN,elephant3_clock1.png
clip,1,808,NaN,dog,elephant,NaN,elephant3_dog1.png
clip,1,809,NaN,elephant,elephant,NaN,elephant3_elephant1.png
clip,1,810,NaN,knife,elephant,NaN,elephant3_knife1.png
clip,1,811,NaN,dog,elephant,NaN,elephant4_bear1.png
clip,1,812,NaN,elephant,elephant,NaN,elephant4_bicycle1.png
clip,1,813,NaN,dog,elephant,NaN,elephant4_bird1.png
clip,1,814,NaN,cat,elephant,NaN,elephant4_bottle1.png
clip,1,815,NaN,dog,elephant,NaN,elephant4_cat1.png
clip,1,816,NaN,elephant,elephant,NaN,elephant4_chair1.png
clip,1,817,NaN,clock,elephant,NaN,elephant4_clock1.png
clip,1,818,NaN,cat,elephant,NaN,elephant4_dog1.png
clip,1,819,NaN,elephant,elephant,NaN,elephant4_elephant1.png
clip,1,820,NaN,knife,elephant,NaN,elephant4_knife1.png
clip,1,821,NaN,bear,elephant,NaN,elephant5_bear1.png
clip,1,822,NaN,elephant,elephant,NaN,elephant5_bicycle1.png
clip,1,823,NaN,bird,elephant,NaN,elephant5_bird1.png
clip,1,824,NaN,bottle,elephant,NaN,elephant5_bottle1.png
clip,1,825,NaN,cat,elephant,NaN,elephant5_cat1.png
clip,1,826,NaN,chair,elephant,NaN,elephant5_chair1.png
clip,1,827,NaN,clock,elephant,NaN,elephant5_clock1.png
clip,1,828,NaN,elephant,elephant,NaN,elephant5_dog1.png
clip,1,829,NaN,elephant,elephant,NaN,elephant5_elephant1.png
clip,1,830,NaN,knife,elephant,NaN,elephant5_knife1.png
clip,1,831,NaN,dog,elephant,NaN,elephant6_bear1.png
clip,1,832,NaN,bicycle,elephant,NaN,elephant6_bicycle1.png
clip,1,833,NaN,elephant,elephant,NaN,elephant6_bird1.png
clip,1,834,NaN,bottle,elephant,NaN,elephant6_bottle1.png
clip,1,835,NaN,clock,elephant,NaN,elephant6_cat1.png
clip,1,836,NaN,elephant,elephant,NaN,elephant6_chair1.png
clip,1,837,NaN,clock,elephant,NaN,elephant6_clock1.png
clip,1,838,NaN,elephant,elephant,NaN,elephant6_dog1.png
clip,1,839,NaN,elephant,elephant,NaN,elephant6_elephant1.png
clip,1,840,NaN,knife,elephant,NaN,elephant6_knife1.png
clip,1,841,NaN,bear,elephant,NaN,elephant7_bear1.png
clip,1,842,NaN,chair,elephant,NaN,elephant7_bicycle1.png
clip,1,843,NaN,bicycle,elephant,NaN,elephant7_bird1.png
clip,1,844,NaN,bottle,elephant,NaN,elephant7_bottle1.png
clip,1,845,NaN,cat,elephant,NaN,elephant7_cat1.png
clip,1,846,NaN,chair,elephant,NaN,elephant7_chair1.png
clip,1,847,NaN,clock,elephant,NaN,elephant7_clock1.png
clip,1,848,NaN,dog,elephant,NaN,elephant7_dog1.png
clip,1,849,NaN,elephant,elephant,NaN,elephant7_elephant1.png
clip,1,850,NaN,knife,elephant,NaN,elephant7_knife1.png
clip,1,851,NaN,dog,knife,NaN,knife0_bear1.png
clip,1,852,NaN,bicycle,knife,NaN,knife0_bicycle1.png
clip,1,853,NaN,bird,knife,NaN,knife0_bird1.png
clip,1,854,NaN,bottle,knife,NaN,knife0_bottle1.png
clip,1,855,NaN,knife,knife,NaN,knife0_cat1.png
clip,1,856,NaN,chair,knife,NaN,knife0_chair1.png
clip,1,857,NaN,clock,knife,NaN,knife0_clock1.png
clip,1,858,NaN,knife,knife,NaN,knife0_dog1.png
clip,1,859,NaN,elephant,knife,NaN,knife0_elephant1.png
clip,1,860,NaN,knife,knife,NaN,knife0_knife1.png
clip,1,861,NaN,dog,knife,NaN,knife1_bear1.png
clip,1,862,NaN,bicycle,knife,NaN,knife1_bicycle1.png
clip,1,863,NaN,knife,knife,NaN,knife1_bird1.png
clip,1,864,NaN,bottle,knife,NaN,knife1_bottle1.png
clip,1,865,NaN,knife,knife,NaN,knife1_cat1.png
clip,1,866,NaN,chair,knife,NaN,knife1_chair1.png
clip,1,867,NaN,clock,knife,NaN,knife1_clock1.png
clip,1,868,NaN,knife,knife,NaN,knife1_dog1.png
clip,1,869,NaN,elephant,knife,NaN,knife1_elephant1.png
clip,1,870,NaN,knife,knife,NaN,knife1_knife1.png
clip,1,871,NaN,dog,knife,NaN,knife2_bear1.png
clip,1,872,NaN,bicycle,knife,NaN,knife2_bicycle1.png
clip,1,873,NaN,knife,knife,NaN,knife2_bird1.png
clip,1,874,NaN,bottle,knife,NaN,knife2_bottle1.png
clip,1,875,NaN,knife,knife,NaN,knife2_cat1.png
clip,1,876,NaN,chair,knife,NaN,knife2_chair1.png
clip,1,877,NaN,clock,knife,NaN,knife2_clock1.png
clip,1,878,NaN,knife,knife,NaN,knife2_dog1.png
clip,1,879,NaN,elephant,knife,NaN,knife2_elephant1.png
clip,1,880,NaN,knife,knife,NaN,knife2_knife1.png
clip,1,881,NaN,clock,knife,NaN,knife3_bear1.png
clip,1,882,NaN,bottle,knife,NaN,knife3_bicycle1.png
clip,1,883,NaN,cat,knife,NaN,knife3_bird1.png
clip,1,884,NaN,bottle,knife,NaN,knife3_bottle1.png
clip,1,885,NaN,knife,knife,NaN,knife3_cat1.png
clip,1,886,NaN,chair,knife,NaN,knife3_chair1.png
clip,1,887,NaN,clock,knife,NaN,knife3_clock1.png
clip,1,888,NaN,knife,knife,NaN,knife3_dog1.png
clip,1,889,NaN,elephant,knife,NaN,knife3_elephant1.png
clip,1,890,NaN,knife,knife,NaN,knife3_knife1.png
clip,1,891,NaN,dog,knife,NaN,knife4_bear1.png
clip,1,892,NaN,bicycle,knife,NaN,knife4_bicycle1.png
clip,1,893,NaN,cat,knife,NaN,knife4_bird1.png
clip,1,894,NaN,bottle,knife,NaN,knife4_bottle1.png
clip,1,895,NaN,knife,knife,NaN,knife4_cat1.png
clip,1,896,NaN,chair,knife,NaN,knife4_chair1.png
clip,1,897,NaN,clock,knife,NaN,knife4_clock1.png
clip,1,898,NaN,knife,knife,NaN,knife4_dog1.png
clip,1,899,NaN,elephant,knife,NaN,knife4_elephant1.png
clip,1,900,NaN,knife,knife,NaN,knife4_knife1.png
clip,1,901,NaN,clock,knife,NaN,knife5_bear1.png
clip,1,902,NaN,chair,knife,NaN,knife5_bicycle1.png
clip,1,903,NaN,clock,knife,NaN,knife5_bird1.png
clip,1,904,NaN,bottle,knife,NaN,knife5_bottle1.png
clip,1,905,NaN,knife,knife,NaN,knife5_cat1.png
clip,1,906,NaN,knife,knife,NaN,knife5_chair1.png
clip,1,907,NaN,clock,knife,NaN,knife5_clock1.png
clip,1,908,NaN,knife,knife,NaN,knife5_dog1.png
clip,1,909,NaN,chair,knife,NaN,knife5_elephant1.png
clip,1,910,NaN,knife,knife,NaN,knife5_knife1.png
clip,1,911,NaN,dog,knife,NaN,knife6_bear1.png
clip,1,912,NaN,bicycle,knife,NaN,knife6_bicycle1.png
clip,1,913,NaN,bird,knife,NaN,knife6_bird1.png
clip,1,914,NaN,bottle,knife,NaN,knife6_bottle1.png
clip,1,915,NaN,knife,knife,NaN,knife6_cat1.png
clip,1,916,NaN,bottle,knife,NaN,knife6_chair1.png
clip,1,917,NaN,clock,knife,NaN,knife6_clock1.png
clip,1,918,NaN,knife,knife,NaN,knife6_dog1.png
clip,1,919,NaN,elephant,knife,NaN,knife6_elephant1.png
clip,1,920,NaN,knife,knife,NaN,knife6_knife1.png
clip,1,921,NaN,knife,knife,NaN,knife7_bear1.png
clip,1,922,NaN,bottle,knife,NaN,knife7_bicycle1.png
clip,1,923,NaN,knife,knife,NaN,knife7_bird1.png
clip,1,924,NaN,bottle,knife,NaN,knife7_bottle1.png
clip,1,925,NaN,knife,knife,NaN,knife7_cat1.png
clip,1,926,NaN,knife,knife,NaN,knife7_chair1.png
clip,1,927,NaN,clock,knife,NaN,knife7_clock1.png
clip,1,928,NaN,knife,knife,NaN,knife7_dog1.png
clip,1,929,NaN,knife,knife,NaN,knife7_elephant1.png
clip,1,930,NaN,knife,knife,NaN,knife7_knife1.png
clip,1,931,NaN,dog,knife,NaN,knife8_bear1.png
clip,1,932,NaN,bicycle,knife,NaN,knife8_bicycle1.png
clip,1,933,NaN,clock,knife,NaN,knife8_bird1.png
clip,1,934,NaN,bottle,knife,NaN,knife8_bottle1.png
clip,1,935,NaN,dog,knife,NaN,knife8_cat1.png
clip,1,936,NaN,chair,knife,NaN,knife8_chair1.png
clip,1,937,NaN,clock,knife,NaN,knife8_clock1.png
clip,1,938,NaN,clock,knife,NaN,knife8_dog1.png
clip,1,939,NaN,elephant,knife,NaN,knife8_elephant1.png
clip,1,940,NaN,knife,knife,NaN,knife8_knife1.png
clip,1,941,NaN,dog,knife,NaN,knife9_bear1.png
clip,1,942,NaN,bicycle,knife,NaN,knife9_bicycle1.png
clip,1,943,NaN,bird,knife,NaN,knife9_bird1.png
clip,1,944,NaN,bottle,knife,NaN,knife9_bottle1.png
clip,1,945,NaN,cat,knife,NaN,knife9_cat1.png
clip,1,946,NaN,knife,knife,NaN,knife9_chair1.png
clip,1,947,NaN,clock,knife,NaN,knife9_clock1.png
clip,1,948,NaN,clock,knife,NaN,knife9_dog1.png
clip,1,949,NaN,elephant,knife,NaN,knife9_elephant1.png
clip,1,950,NaN,knife,knife,NaN,knife9_knife1.png
